1HMP:chain0:GLY2	9999.000000	46.673031	Glycine
1HMP:chain0:ILE3	-138.182384	-10.834583	General
1HMP:chain0:LYS4	-93.577025	-27.849368	General
1HMP:chain0:GLN5	-67.415603	-8.833706	General
1HMP:chain0:TYR6	-85.197267	149.256591	General
1HMP:chain0:SER7	-84.627055	176.000724	General
1HMP:chain0:GLN8	-60.591034	-52.927888	General
1HMP:chain0:GLU9	-73.559069	-29.203726	General
1HMP:chain0:GLU10	-67.618156	-42.599920	General
1HMP:chain0:LEU11	-70.975990	-34.695072	General
1HMP:chain0:LYS12	-55.880639	-42.233344	General
1HMP:chain0:GLU13	-89.370669	5.805995	General
1HMP:chain0:MET14	-78.870852	143.184972	General
1HMP:chain0:ALA15	-66.018880	133.256235	General
1HMP:chain0:LEU16	-59.181889	-42.295452	General
1HMP:chain0:VAL17	-71.147013	-28.284536	General
1HMP:chain0:GLU18	-72.063302	-38.975212	General
1HMP:chain0:ILE19	-57.959203	-47.297340	General
1HMP:chain0:ALA20	-61.324915	-42.213403	General
1HMP:chain0:HIS21	-53.621033	-47.120208	General
1HMP:chain0:GLU22	-71.020764	-36.464968	General
1HMP:chain0:LEU23	-57.801990	-38.098427	General
1HMP:chain0:PHE24	-74.965056	-37.491486	General
1HMP:chain0:GLU25	-72.973169	-21.125588	General
1HMP:chain0:GLU26	-71.987372	-52.372076	General
1HMP:chain0:HIS27	-75.070790	-38.545191	General
1HMP:chain0:LYS28	61.135611	29.171498	General
1HMP:chain0:LYS29	-142.871366	142.366828	General
1HMP:chain0:PRO30	-68.483351	138.179308	Proline
1HMP:chain0:VAL31	-127.623579	131.718795	General
1HMP:chain0:PRO32	-58.254602	153.666856	Proline
1HMP:chain0:PHE33	-55.955812	-43.889097	General
1HMP:chain0:GLN34	-65.901694	-37.093787	General
1HMP:chain0:GLU35	-78.973562	-37.792925	General
1HMP:chain0:LEU36	-62.561808	-33.668836	General
1HMP:chain0:LEU37	-68.228631	-39.656623	General
1HMP:chain0:ASN38	-60.733969	-44.741364	General
1HMP:chain0:GLU39	-58.338207	-50.372891	General
1HMP:chain0:ILE40	-60.086801	-56.710812	General
1HMP:chain0:ALA41	-54.764337	-45.939641	General
1HMP:chain0:SER42	-73.005155	-25.906896	General
1HMP:chain0:LEU43	-65.949637	-37.180424	General
1HMP:chain0:LEU44	-77.506436	151.247475	General
1HMP:chain0:GLY45	-86.188912	39.582777	Glycine
1HMP:chain0:VAL46	-129.480218	172.735519	General
1HMP:chain0:LYS47	-76.896603	157.849593	General
1HMP:chain0:LYS48	-67.552989	-28.814362	General
1HMP:chain0:GLU49	-57.940149	-28.769747	General
1HMP:chain0:GLU50	-62.473862	-49.617070	General
1HMP:chain0:LEU51	-76.955271	-1.536140	General
1HMP:chain0:GLY52	-76.680424	-44.325719	Glycine
1HMP:chain0:ASP53	-58.633320	-45.834144	General
1HMP:chain0:ARG54	-67.893923	-15.027851	General
1HMP:chain0:ILE55	-69.804259	-46.440721	General
1HMP:chain0:ALA56	-60.048376	-49.952306	General
1HMP:chain0:GLN57	-68.531335	-19.223316	General
1HMP:chain0:PHE58	-72.979930	-35.234723	General
1HMP:chain0:TYR59	-60.167085	-49.549883	General
1HMP:chain0:THR60	-58.883563	-54.242290	General
1HMP:chain0:ASP61	-69.091544	-41.687801	General
1HMP:chain0:LEU62	-67.137460	-33.211257	General
1HMP:chain0:ASN63	-83.041724	-1.921611	General
1HMP:chain0:ILE64	-112.704697	4.581828	General
1HMP:chain0:ASP65	-75.293082	161.806615	General
1HMP:chain0:GLY66	-124.436580	20.491919	Glycine
1HMP:chain0:ARG67	-129.342412	-24.446576	General
1HMP:chain0:PHE68	-63.228413	163.901346	General
1HMP:chain0:LEU69	-140.892914	132.393073	General
1HMP:chain0:ALA70	-100.270623	103.351565	General
1HMP:chain0:LEU71	-71.873225	-82.019577	General
1HMP:chain0:SER72	-100.282308	-63.343476	General
1HMP:chain0:ASP73	-122.806384	-19.084399	General
1HMP:chain0:GLN74	168.477244	23.578606	General
1HMP:chain0:THR75	-82.672994	111.986900	General
1HMP:chain0:TRP76	-95.237932	168.628677	General
1HMP:chain0:GLY77	175.945273	-155.121383	Glycine
1HMP:chain0:LEU78	-123.581702	131.066644	General
1HMP:chain0:ARG79	-76.287180	-6.969361	General
1HMP:chain0:SER80	-72.608188	7.765887	General
1HMP:chain0:TRP81	-99.159587	-22.952300	General
1HMP:chain0:TYR82	-132.397968	9999.000000	General
